rank,chain,resi,resn,p(bind),arr_i
0,A,190,V,0.94172823,97
1,A,292,R,0.91868067,199
2,A,253,L,0.8999042,160
3,A,295,K,0.8983474,202
4,A,252,T,0.81727093,159
5,A,232,R,0.8109702,139
6,A,188,E,0.7426266,95
7,A,290,R,0.6349036,197
8,A,231,K,0.61880106,138
9,A,205,T,0.6177777,112
10,A,207,H,0.6074166,114
11,A,185,E,0.5878222,92
12,A,187,R,0.5590674,94
13,A,269,L,0.52912796,176
14,A,234,S,0.47578192,141
15,A,235,S,0.46621683,142
16,A,195,L,0.4486756,102
17,A,230,Q,0.44567996,137
18,A,217,H,0.4310578,124
19,A,181,E,0.4087878,88
20,A,218,K,0.3758907,125
21,A,297,I,0.3758892,204
22,A,233,L,0.3435727,140
23,A,291,K,0.32467324,198
24,A,34,V,0.32434207,17
25,A,193,G,0.30455902,100
26,A,241,L,0.29721105,148
27,A,238,R,0.29229447,145
28,A,287,I,0.2546762,194
29,A,203,D,0.24533048,110
30,A,284,K,0.23712058,191
31,A,256,R,0.23430504,163
32,A,186,G,0.2272463,93
33,A,293,K,0.22155602,200
34,A,265,N,0.2045333,172
35,A,154,W,0.20378287,72
36,A,209,L,0.19101757,116
37,A,288,Q,0.18437117,195
38,A,266,A,0.18384154,173
39,A,222,V,0.17369321,129
40,A,289,T,0.17243509,196
41,A,208,Y,0.16824634,115
42,A,250,N,0.16720004,157
43,A,251,T,0.16521676,158
44,A,182,F,0.16257441,89
45,A,223,N,0.1560794,130
46,A,228,R,0.15039276,135
47,A,257,N,0.14643832,164
48,A,91,T,0.14375018,47
49,A,202,R,0.14198692,109
50,A,24,H,0.13704593,7
51,A,247,H,0.1348575,154
52,A,226,L,0.13200752,133
53,A,254,W,0.13198654,161
54,A,152,Q,0.12790592,70
55,A,191,N,0.117055155,98
56,A,204,G,0.11463018,111
57,A,206,G,0.11457937,113
58,A,299,K,0.11335815,206
59,A,259,E,0.113066584,166
60,A,237,R,0.10549172,144
61,A,142,Y,0.10188969,60
62,A,197,T,0.101566575,104
63,A,273,L,0.09843337,180
64,A,165,H,0.09441526,83
65,A,317,V,0.09427438,224
66,A,255,R,0.09252274,162
67,A,219,M,0.08829927,126
68,A,301,R,0.08798585,208
69,A,215,L,0.08773477,122
70,A,320,T,0.08464418,227
71,A,229,P,0.0838859,136
72,A,46,L,0.08322191,29
73,A,248,T,0.082953736,155
74,A,164,L,0.08162697,82
75,A,249,T,0.079858415,156
76,A,282,M,0.07951887,189
77,A,199,L,0.079338476,106
78,A,272,K,0.07841277,179
79,A,227,V,0.077007644,134
80,A,339,P,0.076514035,233
81,A,93,F,0.07630494,49
82,A,155,T,0.072651036,73
83,A,163,V,0.07250269,81
84,A,303,S,0.07211189,210
85,A,236,S,0.07079473,143
86,A,180,E,0.069573596,87
87,A,285,E,0.06905828,192
88,A,296,T,0.06555078,203
89,A,300,A,0.06523486,207
90,A,86,H,0.065050945,42
91,A,270,Y,0.063513555,177
92,A,338,C,0.06178825,232
93,A,32,M,0.06151335,15
94,A,45,Y,0.060706116,28
95,A,244,T,0.060187485,151
96,A,200,W,0.059657104,107
97,A,213,C,0.058491282,120
98,A,239,A,0.05801103,146
99,A,159,F,0.057022717,77
100,A,224,R,0.05656588,131
101,A,146,V,0.055215366,64
102,A,192,C,0.053651623,99
103,A,97,H,0.052624695,53
104,A,242,C,0.052576277,149
105,A,240,G,0.05122403,147
106,A,267,C,0.05099539,174
107,A,196,S,0.050622113,103
108,A,225,P,0.05000761,132
109,A,308,R,0.04995944,215
110,A,49,C,0.04946414,32
111,A,183,P,0.047195133,90
112,A,263,V,0.04649853,170
113,A,278,R,0.046295162,185
114,A,274,H,0.045626033,181
115,A,33,F,0.045583714,16
116,A,264,C,0.044401005,171
117,A,44,S,0.04330107,27
118,A,221,G,0.0432698,128
119,A,150,V,0.043106474,68
120,A,261,E,0.042650785,168
121,A,95,F,0.04250386,51
122,A,343,M,0.041670714,237
123,A,260,G,0.04165415,167
124,A,43,L,0.040402323,26
125,A,258,S,0.040166777,165
126,A,201,R,0.039982114,108
127,A,262,P,0.039667122,169
128,A,216,Y,0.03959602,123
129,A,246,C,0.038680386,153
130,A,162,S,0.038554505,80
131,A,286,S,0.038318958,193
132,A,283,K,0.03806026,190
133,A,337,V,0.038007326,231
134,A,2,Y,0.03655006,1
135,A,37,A,0.03577598,20
136,A,189,C,0.03534347,96
137,A,184,G,0.035243273,91
138,A,1,M,0.03500181,0
139,A,210,C,0.033908624,117
140,A,280,L,0.033663712,187
141,A,214,G,0.03328682,121
142,A,179,L,0.03320384,86
143,A,194,A,0.03183923,101
144,A,39,V,0.031249307,22
145,A,42,M,0.030611532,25
146,A,245,N,0.030399958,152
147,A,5,L,0.030014675,4
148,A,47,S,0.029371576,30
149,A,306,S,0.028769655,213
150,A,41,S,0.028544415,24
151,A,198,P,0.027835473,105
152,A,29,G,0.02666626,12
153,A,243,C,0.02653738,150
154,A,321,D,0.026383357,228
155,A,81,H,0.026145857,37
156,A,314,P,0.025400689,221
157,A,156,A,0.025178162,74
158,A,153,S,0.024734724,71
159,A,307,T,0.024440037,214
160,A,143,P,0.024190918,61
161,A,318,A,0.023847723,225
162,A,294,P,0.023703309,201
163,A,90,A,0.02314287,46
164,A,141,T,0.022332,59
165,A,336,P,0.020953527,230
166,A,51,P,0.019583767,34
167,A,211,N,0.019480137,118
168,A,50,E,0.019032765,33
169,A,341,P,0.018104985,235
170,A,310,A,0.017462265,217
171,A,145,Y,0.01688412,63
172,A,38,R,0.016278012,21
173,A,276,V,0.016171465,183
174,A,312,A,0.015884217,219
175,A,212,A,0.015757108,119
176,A,28,A,0.015117944,11
177,A,298,A,0.014979585,205
178,A,3,Q,0.013785838,2
179,A,367,E,0.013648532,239
180,A,92,A,0.013409739,48
181,A,342,S,0.013045392,236
182,A,88,P,0.01265779,44
183,A,396,L,0.011845533,242
184,A,279,P,0.0118453875,186
185,A,87,P,0.011686658,43
186,A,319,S,0.0116362395,226
187,A,302,G,0.011018813,209
188,A,23,L,0.010998628,6
189,A,26,P,0.010503067,9
190,A,268,G,0.010474447,175
191,A,271,M,0.010452289,178
192,A,36,P,0.009795117,19
193,A,160,D,0.0097104935,78
194,A,94,P,0.00915516,50
195,A,158,P,0.009120733,76
196,A,340,G,0.008564377,234
197,A,31,P,0.008312118,14
198,A,304,S,0.008207993,211
199,A,309,N,0.008135937,216
200,A,35,P,0.008127149,18
201,A,85,A,0.008032557,41
202,A,84,A,0.008007747,40
203,A,27,G,0.0074318894,10
204,A,99,P,0.007321222,55
205,A,4,S,0.0071012005,3
206,A,48,G,0.0070500625,31
207,A,82,P,0.006954305,38
208,A,311,S,0.006882193,218
209,A,313,S,0.006779431,220
210,A,315,S,0.006745718,222
211,A,316,A,0.0065807467,223
212,A,52,S,0.006564199,35
213,A,25,A,0.006562427,8
214,A,148,P,0.0064845886,66
215,A,96,A,0.00634375,52
216,A,322,S,0.0062832143,229
217,A,30,S,0.006229322,13
218,A,100,S,0.006210179,56
219,A,89,G,0.0060115173,45
220,A,98,S,0.0058382694,54
221,A,83,P,0.005714519,39
222,A,40,P,0.0054517277,23
223,A,167,L,0.005262869,85
224,A,147,S,0.0051496318,65
225,A,277,P,0.0051379194,184
226,A,144,A,0.005074174,62
227,A,394,L,0.004866953,240
228,A,151,A,0.0044487305,69
229,A,6,A,0.0042738556,5
230,A,395,A,0.0041470747,241
231,A,157,G,0.00408726,75
232,A,275,G,0.00361855,182
233,A,305,G,0.0035960502,212
234,A,366,P,0.0034273132,238
235,A,220,N,0.0030993787,127
236,A,102,P,0.0030986317,58
237,A,101,G,0.0029560216,57
238,A,161,G,0.0025388617,79
239,A,281,A,0.0018203754,188
240,A,166,G,0.0018169734,84
241,A,149,D,0.0010178419,67
242,A,397,A,0.0006931293,243
243,A,53,P,0.00068007555,36
