chain,resi,p(bind)
A,320,0.9084907
A,450,0.84723926
A,465,0.81409615
A,301,0.76722133
A,454,0.76520324
A,293,0.66494966
A,377,0.6115429
A,498,0.60607404
A,316,0.58194363
A,300,0.5573065
A,372,0.5292835
A,503,0.52829415
A,304,0.51936585
A,453,0.51531667
A,456,0.4685365
A,285,0.43214604
A,455,0.42565897
A,278,0.408815
A,318,0.39943606
A,299,0.38419184
A,277,0.37795082
A,315,0.3737786
A,499,0.3696567
A,317,0.3650733
A,559,0.35322502
A,379,0.348102
A,376,0.34644234
A,463,0.345714
A,290,0.3432947
A,324,0.3370297
A,464,0.33556837
A,302,0.32806268
A,555,0.30025363
A,286,0.2907748
A,416,0.28870857
A,325,0.28639004
A,413,0.27926543
A,334,0.27785856
A,343,0.2739196
A,563,0.27251256
A,513,0.26995403
A,321,0.26757118
A,297,0.26070547
A,298,0.25858146
A,335,0.22895743
A,294,0.22153035
A,288,0.22076856
A,323,0.22020905
A,493,0.21979974
A,502,0.21818683
A,309,0.21404324
A,515,0.21398796
A,342,0.21032183
A,373,0.2073081
A,295,0.20438603
A,279,0.20234276
A,500,0.19779532
A,466,0.19682795
A,451,0.19645755
A,494,0.19137724
A,328,0.19047469
A,375,0.18429568
A,314,0.18313064
A,447,0.1819012
A,510,0.18045591
A,338,0.17729181
A,570,0.17166583
A,497,0.17028446
A,490,0.16527143
A,289,0.16319539
A,284,0.16175386
A,507,0.15771587
A,420,0.15762025
A,270,0.15669316
A,516,0.15659405
A,556,0.14818613
A,528,0.14797938
A,506,0.14380266
A,311,0.14361973
A,308,0.141739
A,269,0.1412735
A,542,0.13738066
A,305,0.1362562
A,479,0.13618101
A,449,0.13529085
A,457,0.13474691
A,287,0.1320273
A,313,0.13086274
A,337,0.12948972
A,382,0.12574486
A,319,0.12551476
A,442,0.12350896
A,340,0.12210088
A,539,0.1217321
A,509,0.12167299
A,281,0.12040791
A,296,0.118096106
A,551,0.11760581
A,472,0.11730777
A,462,0.11689743
A,322,0.115922034
A,496,0.1151667
A,514,0.11462161
A,378,0.11406621
A,303,0.111619204
A,532,0.11106873
A,283,0.110863134
A,326,0.10777279
A,558,0.10577688
A,562,0.10392199
A,306,0.101527005
A,467,0.10079624
A,282,0.09619284
A,461,0.09490679
A,291,0.09422134
A,310,0.093993224
A,402,0.09262155
A,460,0.09245678
A,552,0.08965159
A,446,0.087061234
A,417,0.086423516
A,477,0.08604475
A,535,0.08532005
A,406,0.084954076
A,504,0.082577944
A,307,0.08214072
A,452,0.08084659
A,441,0.08035826
A,336,0.079536356
A,312,0.07918197
A,410,0.078837745
A,445,0.07863613
A,409,0.07740302
A,444,0.07682707
A,398,0.07595986
A,566,0.0739065
A,273,0.073891915
A,292,0.07325046
A,339,0.0724431
A,483,0.06949709
A,327,0.06568487
A,381,0.06431084
A,391,0.06430334
A,333,0.06123532
A,272,0.060586333
A,567,0.059584912
A,475,0.059075505
A,275,0.058668505
A,394,0.056161176
A,487,0.05537776
A,276,0.054927837
A,543,0.05407708
A,486,0.05404131
A,476,0.05390842
A,489,0.053871103
A,443,0.05334663
A,481,0.052949313
A,341,0.052800357
A,478,0.05278469
A,480,0.052401524
A,491,0.0521645
A,468,0.0500323
A,448,0.049806993
A,482,0.04925523
A,572,0.048674375
A,470,0.045982897
A,536,0.04527411
A,330,0.04376247
A,591,0.04193035
A,395,0.041393526
A,267,0.040730394
A,345,0.040691372
A,595,0.040554058
A,458,0.038876984
A,332,0.03836156
A,474,0.03806252
A,459,0.037961032
A,501,0.037436116
A,473,0.036274508
A,554,0.03366354
A,469,0.03349535
A,440,0.033408336
A,271,0.032722298
A,574,0.032704048
A,512,0.032677926
A,569,0.030686295
A,274,0.029185986
A,415,0.028795354
A,412,0.028755734
A,538,0.028716758
A,471,0.028351836
A,414,0.028020442
A,592,0.027295168
A,386,0.026828751
A,573,0.026701994
A,280,0.026594516
A,393,0.026355261
A,511,0.026287112
A,374,0.026100216
A,266,0.026022565
A,588,0.025357177
A,405,0.02498043
A,329,0.024889521
A,495,0.024818614
A,384,0.024510998
A,355,0.023508286
A,331,0.022755317
A,439,0.022754548
A,397,0.022604557
A,575,0.022043245
A,371,0.02160256
A,560,0.021031346
A,419,0.020861086
A,594,0.017791077
A,587,0.017487776
A,438,0.016399562
A,396,0.015884433
A,553,0.014884106
A,352,0.014819934
A,369,0.014789145
A,571,0.014753317
A,548,0.014670001
A,576,0.014656202
A,403,0.014576282
A,407,0.014424759
A,518,0.014388063
A,568,0.013970166
A,424,0.013435363
A,344,0.013384648
A,529,0.013173017
A,392,0.013051054
A,525,0.013045546
A,579,0.012969953
A,565,0.012655908
A,593,0.012504729
A,577,0.012501526
A,370,0.012093884
A,399,0.0120735215
A,517,0.011812274
A,524,0.011482271
A,423,0.011013316
A,488,0.010901891
A,484,0.010824931
A,546,0.010662536
A,383,0.010631655
A,531,0.010607592
A,437,0.010565378
A,354,0.010529195
A,353,0.010438775
A,268,0.010199206
A,368,0.010071843
A,550,0.010002615
A,492,0.009987813
A,578,0.009814524
A,557,0.009419675
A,411,0.009035688
A,390,0.0089749135
A,427,0.008748191
A,408,0.008675776
A,508,0.008396204
A,380,0.008354708
A,505,0.00815021
A,421,0.0078874165
A,584,0.0078808665
A,527,0.0076834327
A,359,0.007576772
A,581,0.0075674728
A,549,0.0074610356
A,366,0.0072614234
A,436,0.0071884464
A,389,0.006821018
A,544,0.006592432
A,356,0.006582297
A,547,0.0063057328
A,365,0.006263613
A,585,0.006170521
A,590,0.006141616
A,418,0.0059782667
A,388,0.0056707547
A,582,0.0055898693
A,387,0.0052968552
A,434,0.0052653584
A,425,0.005192077
A,589,0.0050251605
A,533,0.0049448083
A,430,0.004883304
A,564,0.004845244
A,426,0.004809718
A,545,0.0046361634
A,351,0.0045486633
A,580,0.0043155835
A,485,0.0040194322
A,435,0.0040112664
A,583,0.0038854526
A,367,0.0038120234
A,561,0.0038011558
A,422,0.0036690596
A,364,0.0035773914
A,428,0.0035091331
A,400,0.003187284
A,537,0.003183859
A,360,0.0030158728
A,541,0.0030069351
A,358,0.0028517218
A,401,0.0027394367
A,534,0.0025938768
A,530,0.0024839682
A,521,0.0023573225
A,520,0.0022172155
A,540,0.002188087
A,385,0.0021268832
A,361,0.0020775897
A,526,0.0019544286
A,586,0.0019252442
A,431,0.0018886612
A,363,0.0018168817
A,404,0.001784337
A,362,0.0017358796
A,522,0.0016784221
A,429,0.0016752987
A,523,0.0016709634
A,433,0.0015417227
A,432,0.0011091887
A,519,0.0008843998
A,357,0.0007421485
